term,estimate,std.error,statistic,p.value
(Intercept),-0.020443312118057676,0.002933413634805755,-6.969120166175062,3.2596547728354122e-12
D1,-9.265826529826866e-4,9.794319827557622e-5,-9.460408372367247,3.2987641939428598e-21
delta_D,-6.707611632679253e-4,5.669362151928106e-4,-1.1831333848373131,0.23676629999442264
