term,estimate,std.error,statistic,p.value
(Intercept),-0.030523967083817098,0.002840045529100683,-10.747703433290624,7.21687086941804e-27
D1,0.0018447758044534824,8.689087798662916e-4,2.123094906161908,0.033758373491540594
delta_D,-2.6253527940063558e-5,0.001300600553429564,-0.020185696423729346,0.9838954432686381
