term,estimate,std.error,statistic,p.value
(Intercept),-0.03248699944508757,0.0027622625651203083,-11.76101064949726,7.364096300530549e-32
D1,-9.261579366980237e-4,4.713709455297553e-4,-1.9648176144101355,0.049445197011587866
delta_D,0.0034849792466642945,0.00260862260277234,1.335946120746097,0.18157771336664216
