term,estimate,std.error,statistic,p.value
(Intercept),-0.032253077187157045,0.002851070457765816,-11.312620177205835,1.317137429318766e-29
D1,-9.089020938168299e-4,4.477960037097205e-4,-2.029723548864043,0.04239405261292364
delta_D,6.727237614552445e-4,0.002223486139929372,0.3025536113648153,0.7622323109482041
