type_lca,traitement,variable_dependante,estimateur_as,erreur_standard,p_value,ic_95_bas,ic_95_haut,n_communes,n_stayers,n_switchers,methode_se,commentaire
annuel,forêt,log(productivite),4.2633350960645674e-4,0.001196973466713621,0.7217085839112602,-0.0019197344851522404,0.0027724015043651537,7495,7227,268,HC1 sur switchers,OK - SE HC1 sur switchers
annuel,lisière,log(productivite),-0.0069338400371232786,0.005796378245382953,0.23160422625238275,-0.01829474139807387,0.00442706132382731,9252,9053,199,HC1 sur switchers,OK - SE HC1 sur switchers
mixte,forêt,log(productivite),-0.0010564076411971996,0.0019697770819641805,0.5917455503165401,-0.004917170721846994,0.0028043554394525942,9896,4899,4997,HC1 sur switchers,OK - SE HC1 sur switchers
mixte,lisière,log(productivite),0.0016680574577820823,0.0053524533462254165,0.7553114480143397,-0.008822751100819735,0.012158866016383899,9758,5758,4000,HC1 sur switchers,OK - SE HC1 sur switchers
perenne,forêt,log(productivite),-0.0048483675596783064,0.002857830788069586,0.08978741465374895,-0.010449715904294696,7.529807849380827e-4,1831,712,1119,HC1 sur switchers,OK - SE HC1 sur switchers
perenne,lisière,log(productivite),-0.016685040499735095,0.015544857428421275,0.28311503892537027,-0.04715296105944079,0.013782880059970602,1719,856,863,HC1 sur switchers,OK - SE HC1 sur switchers
