term,estimate,std.error,statistic,p.value,conf.low,conf.high,modele
pct_foret,2.5785619707106806e-4,4.239603021154069e-4,0.6082083529624353,0.5430537218123739,-5.731229565200822e-4,0.0010888353506622182,Forêt
pct_lisiere,8.068182417858495e-4,0.0016953315919443432,0.47590586149611314,0.6341447776377842,-0.002516099503816568,0.004129735987388267,Lisière
pct_foret,4.395013207460232e-4,4.66453432671674e-4,0.9422190726065001,0.3460877850500972,-4.747660687646144e-4,0.0013537687102566608,Forêt + lisière + part agricole
pct_lisiere,5.569652427531783e-4,0.0016935060291449551,0.32888294057883455,0.7422463761211926,-0.002762374326726867,0.0038763048122332235,Forêt + lisière + part agricole
pct_agri,2.593504518645796e-4,2.4369197363905144e-4,1.0642552070620142,0.2872213384703165,-2.182955658901965e-4,7.369964696193557e-4,Forêt + lisière + part agricole
