periode,libelle_periode,nb_communes,productivite_moyenne,productivite_mediane,pct_agri_moyen,pct_foret_moyen,pct_lisiere_moyen
1,1988/1990,33005,2.6040259310761735,1.416163954725405,67.03136692062459,17.245170977914036,3.137857169672857
2,2000,30793,2.6123668855401125,1.354366556064834,67.23080812112003,16.87505720290294,3.2143252329383176
3,2010/2012,28852,2.5681784875362355,1.3061206387447564,66.03014528843185,16.07737211806737,3.137168357010076
